<keymap version="1" name="IntelliJ IDEA Classic copy" parent="Mac OS X">
  <action id="EditorCodeBlockEndWithSelection" />
  <action id="EditorCodeBlockStartWithSelection" />
  <action id="EditorMatchBrace" />
  <action id="IdeaVim.ReloadVimRc.reload">
    <keyboard-shortcut first-keystroke="shift meta o" />
    <keyboard-shortcut first-keystroke="shift meta r" />
  </action>
  <action id="LocalHistory.ShowHistory">
    <keyboard-shortcut first-keystroke="alt h" />
  </action>
  <action id="SelectAllOccurrences">
    <keyboard-shortcut first-keystroke="ctrl meta g" />
    <keyboard-shortcut first-keystroke="shift meta l" />
  </action>
  <action id="ServiceView.ShowServices" />
  <action id="StatusTextModeAction">
    <keyboard-shortcut first-keystroke="alt s" />
  </action>
  <action id="ToggleDistractionFreeMode">
    <keyboard-shortcut first-keystroke="shift d" />
  </action>
  <action id="ToggleZenMode">
    <keyboard-shortcut first-keystroke="shift z" />
  </action>
  <action id="VimPluginToggle">
    <keyboard-shortcut first-keystroke="ctrl escape" />
  </action>
  <action id="angular.QuickSwitch">
    <keyboard-shortcut first-keystroke="shift ctrl s" />
    <keyboard-shortcut first-keystroke="shift meta j" />
  </action>
</keymap>